<?xml version="1.0" encoding="utf-8"?>
<install type="module" version="1.5.0">
	<name>Jquery UI Popup</name>
	<author>Vsmart Extensions</author>
	<creationDate>May 2011</creationDate>
	<copyright>Copyright (C) 2005 - 2009 Open Source Matters. All rights reserved.</copyright>
	<license>http://www.gnu.org/licenses/gpl-2.0.html GNU/GPL</license>
	<authorEmail>info@vsmart-extensions.com</authorEmail>
	<authorUrl>www.vsmart-extensions.com</authorUrl>
	<version>1.0</version>
	<description>
		Open automatic dhtml popup content when load site.Use JQuery UI script with many options.
	</description>
	<files>
		<filename module="mod_JQpopup">mod_JQpopup.php</filename>
		<filename module="mod_JQpopup">index.html</filename>
		<filename module="mod_JQpopup">helper.php</filename>
		<filename module="mod_JQpopup">tmpl/default.php</filename>
		<filename module="mod_JQpopup">tmpl/css/index.html</filename>
		<filename module="mod_JQpopup">tmpl/index.html</filename>
		<filename module="mod_JQpopup">tmpl/js/jquery.min.js</filename>
		<filename module="mod_JQpopup">tmpl/js/jquery-ui.min.js</filename>
		<filename module="mod_JQpopup">tmpl/js/cookie.js</filename>
		<filename module="mod_JQpopup">tmpl/js/index.html</filename>
		<filename module="mod_JQpopup">tmpl/images/index.html</filename>
		<filename module="mod_JQpopup">element/articles.php</filename>
		<filename module="mod_JQpopup">element/index.html</filename>
		<folder>tmpl/css/smoothness</folder>
		<folder>tmpl/css/blitzer</folder>
		<folder>tmpl/css/flick</folder>
		<folder>tmpl/css/le-frog</folder>
		<folder>tmpl/css/start</folder>
		<folder>tmpl/css/ui-darkness</folder>
		<folder>tmpl/css/ui-lightness</folder>
	</files>
	<params addpath="/modules/mod_JQpopup/element">
		<param name="width" type="text" default="400" label="Width" description="Width" />
		<param name="height" type="text" default="350" label="Height" description="Slide height" />
		<param name="position" type="text" default="[500,300]" label="Position" description="Position of popup [x,y]" />
		<param name="time" type="text" default="5000" label="Time auto-close" description="Time to auto close popup" />
		<param name="time_reopen" type="text" default="1" label="Time re-open" description="Time to open popup again when load page - hours" />
		<param name="show_effect" type="list" default="bounce" label="Show Effect" description="Effect of popup when show">
			<option value="bounce">bounce</option>
			<option value="shake">shake</option>
			<option value="highlight">highlight</option>
		</param>
		<param name="hide_effect" type="list" default="drop" label="Hide Effect" description="Effect of popup when hide">
			<option value="drop">drop</option>
			<option value="bounce">bounce</option>
			<option value="blind">blind</option>
			<option value="clip">clip</option>
			<option value="explode">explode</option>
			<option value="fade">fade</option>
			<option value="fold">fold</option>
		</param>
		<param name="theme" type="list" default="smoothness" label="Theme" description="Select theme for popup">
			<option value="blitzer">blitzer</option>
			<option value="flick">flick</option>
			<option value="le-frog">le-frog</option>
			<option value="smoothness">smoothness</option>
			<option value="start">start</option>
			<option value="ui-darkness">ui-darkness</option>
			<option value="ui-lightness">ui-lightness</option>
		</param>
		<param name="icon" type="list" default="alert" label="Icon" description="Select icon for popup">
			<option value="alert">alert</option>
			<option value="info">info</option>
			<option value="notice">notice</option>
			<option value="check">check</option>
			<option value="lightbulb">lightbulb</option>
			<option value="image">image</option>
			<option value="video">video</option>
			<option value="script">script</option>
			<option value="star">star</option>
			<option value="heart">heart</option>
			<option value="home">home</option>
			<option value="flag">flag</option>
			<option value="person">person</option>
			<option value="mail-close">mail</option>
			<option value="print">print</option>
		</param>
		<param name="title" type="text" default="Popup title" label="Title" description="Popup titile" />
		<param name="content" type="radio" default="module" label="Type of content" description="Type of content show in popup">
			<option value="module">Module</option>
			<option value="article">Article</option>
			<option value="link">External Link</option>
			<option value="image">Image</option>
		</param>
		<param name="module_position" type="text" default="user1" label="Module Position" description="Module Position" />
		<param name="article_id" type="articles"  default="" label="Articles" description="Articles" />
		<param name="showreadmore" type="radio"  default="1" label="Show Readmore" description="Show Readmore Link" >
				<option value="0">No</option>
				<option value="1">Yes</option>
		</param>
		<param name="link" type="text" default="" label="External Link" description="External Link" size="50" />
		<param name="image" type="imagelist" directory="images/stories" default="" label="Image" description="Show image" />
		<param name="ispowerby" type="radio" default="1" label="Show Power by" description="Show power by in popup">
			<option value="0">No</option>
			<option value="1">Yes</option>
		</param>
	</params>
	<params group="advanced">
		<param name="class_sfx" type="text" default="" label="Menu Class Suffix" description="PARAMMENUCLASSSUFFIX" />
		<param name="moduleclass_sfx" type="text" default="" label="Module Class Suffix" description="PARAMMODULECLASSSUFFIX" />
	</params>
</install>
